correct,n_degenerated,fract_below_treshold,n_reads_before_correction,n_reads_after_correction,n_reads_added
ACACCGGGCTGCTAGCTA,33.0,0.9393939393939394,5088.0,5135.0,47.0
ACGACCTGCTTCACATCG,3.0,1.0,338.0,341.0,3.0
ACGAGACACAACCACTCT,18.0,0.9444444444444444,3506.0,3528.0,22.0
ATCCTGATGACTGGAGAA,2.0,1.0,326.0,329.0,3.0
CAATATGTCCTGCAGGCA,32.0,0.9375,4581.0,4626.0,45.0
CACGCAGCCTCCCGCGAG,3.0,1.0,375.0,379.0,4.0
CACTGAAGCTGTTCGGCG,2.0,1.0,227.0,229.0,2.0
CATCACTGCATGGCACGA,7.0,1.0,1408.0,1416.0,8.0
CATCGTTCGGACAGACTA,21.0,0.9523809523809523,4919.0,4947.0,28.0
CCGACTCCTCTCTAAGCC,1.0,1.0,101.0,102.0,1.0
CCGCAGCACAACCACCCC,19.0,0.9473684210526315,3634.0,3659.0,25.0
CCTACGTCGGTCGTTCAG,56.0,0.875,6230.0,6399.0,169.0
CCTCGGGAAACTTGTGTG,2.0,1.0,103.0,105.0,2.0
CCTGGCGATCCGGCGTGA,1.0,1.0,128.0,129.0,1.0
CGACATGCACGGTTCCCG,3.0,1.0,799.0,802.0,3.0
CGACCTTGTCCCTGATAA,10.0,1.0,1129.0,1140.0,11.0
CGCAGGGCGTCTTCACGG,5.0,1.0,585.0,590.0,5.0
CGCTCAGATGGGACGCAC,30.0,0.9666666666666667,6436.0,6490.0,54.0
CGCTGTAACAGATAGGCG,4.0,1.0,259.0,263.0,4.0
CGGCGCACTTTCCGCTGT,2.0,1.0,220.0,222.0,2.0
CGGCTTCGTACAGTTAAC,37.0,0.972972972972973,5757.0,5804.0,47.0
CGTGTAGATGCTCTTCTG,26.0,0.9615384615384616,3699.0,3731.0,32.0
CGTGTCTTCGTGCCGGAG,14.0,1.0,2602.0,2625.0,23.0
CGTTTCGCCGCGGAGGAG,27.0,0.9259259259259259,4270.0,4306.0,36.0
CTACCATGGCTCCAATGA,1.0,1.0,137.0,138.0,1.0
CTATTCGCGTTTGTCGGA,1.0,1.0,104.0,105.0,1.0
CTCAGCTTCGAGCCTGCG,26.0,0.9615384615384616,5177.0,5215.0,38.0
CTGACACGTTGATACGGA,7.0,1.0,813.0,820.0,7.0
GAATGCGCGCCTTTCAAG,2.0,1.0,175.0,177.0,2.0
GACTGGCAAGGGTGATGT,16.0,0.9375,2725.0,2741.0,16.0
GAGCGCAACAATGTTAGT,44.0,0.9318181818181818,5041.0,5104.0,63.0
GGTAACGCGACGACCCTT,19.0,0.9473684210526315,5214.0,5244.0,30.0
GGTCGGCTACTACCCTAG,4.0,1.0,597.0,601.0,4.0
GTCTGAGTATTCCTCCGT,1.0,1.0,162.0,163.0,1.0
GTTCGAAGACTCCAGGGA,1.0,1.0,381.0,382.0,1.0
GTTTCCTCGCGCGTATAA,2.0,1.0,128.0,130.0,2.0
TAAAGCGGCATGCTTGCC,3.0,1.0,300.0,303.0,3.0
TATGCGTTTCTCACGAGT,28.0,0.9642857142857143,4803.0,4842.0,39.0
TATTCATTTCTGGGGAAG,4.0,1.0,304.0,310.0,6.0
TCTGGGGATACCAACTGC,6.0,1.0,1005.0,1011.0,6.0
TGCAGTTTTGGTGCTCTA,47.0,0.9787234042553191,7556.0,7632.0,76.0
TGCCACGCGTGTCGGATC,2.0,1.0,630.0,632.0,2.0
TTCCAGCTGTCGGAACAG,24.0,1.0,4964.0,5008.0,44.0
